﻿<?xml version="1.0" encoding="utf-8" ?>
<quotes>
    <item>
        <guid isPermaLink="false">ba885a5603a158fe13054f165b34c36cbecfaa09649cca748eb9fb15e2f79216</guid>
        <link>http://bash.org.ru/quote/404336</link>
        <title>Цитата #404336</title>
        <pubDate>Wed, 26 Aug 2009 14:45:44 +0400</pubDate>
        <description><![CDATA[beronix:<br>Подъезд. Мощный перфоратор. Плита+Арматура. Отверстие под оптику.<br>мужик (жилец) вылез с фразой (дословно) &quot;какого хуя вы тут делаете?!&quot;<br>я не сдержался и ответил &quot;ебашим мы тут, как негры&quot;<br>мужик пробормотал &quot;и хер возразишь&quot; и ушёл]]></description>
    </item>
    <item>

        <guid isPermaLink="false">b874d904195c3905f0601cd8ad0763a633c2f2a0ff8979dbc6acbb141369a724</guid>
        <link>http://bash.org.ru/quote/404335</link>
        <title>Цитата #404335</title>
        <pubDate>Wed, 26 Aug 2009 14:45:02 +0400</pubDate>
        <description><![CDATA[iexx:<br>блин, вот за что люблю программирование, так это за то, что одно и тоже можно сделать десятью разными способами.<br><br>Obormotik:<br>и за 8 из них получить пиздюлей от вышестоящих прогеров]]></description>
    </item>
    <item>
        <guid isPermaLink="false">d8f840f90c66688fd087a43a1fa304c0009e39f80a736a67c0ddcb7a6ca5d18a</guid>

        <link>http://bash.org.ru/quote/404334</link>
        <title>Цитата #404334</title>
        <pubDate>Wed, 26 Aug 2009 14:13:20 +0400</pubDate>
        <description><![CDATA[Rafus (11:33:51 3/08/2009)<br>Принтер блин. Просит, чтоб его заправили. Сначала просто на принтере надпись была. Потом мне на монитор надпись вывел. Я его игнорировал. Ща он сам листок распечатал, чтоб все таки заправили )<br><br>Rafus (11:37:17 3/08/2009)<br>Сегодня ночью во сне придет наверное]]></description>
    </item>
    <item>
        <guid isPermaLink="false">39617e5a5eeddc260f0197b7e826835b496540a7e9b4e24615365ed42d2fad58</guid>
        <link>http://bash.org.ru/quote/404333</link>

        <title>Цитата #404333</title>
        <pubDate>Wed, 26 Aug 2009 14:12:01 +0400</pubDate>
        <description><![CDATA[Ice Girl: ты бородатый одмин )<br>I+S+L+A+N+D: Это традиция 8-) Админ без бороды не настоящий<br>I+S+L+A+N+D: Как и дед мороз<br>Ice Girl: о, я только что поняла, чем деды морозы занимаются все остальное время<br>Ice Girl: они одминят!<br>I+S+L+A+N+D: теперь я должен тебя убить 8-(]]></description>
    </item>
    <item>
        <guid isPermaLink="false">60f27143afa05196d73e4ded13f2053a07af38d66eb4ddac3912fb7e25a523bd</guid>
        <link>http://bash.org.ru/quote/404332</link>
        <title>Цитата #404332</title>

        <pubDate>Wed, 26 Aug 2009 13:11:02 +0400</pubDate>
        <description><![CDATA[Прихожу к врачу. Дядька лет сорока.<br>Тот смотрит меня и срывающимся голосом шепчет медсестре:<br>-Наташенька, дожили... Слава тебе, Госсподи...<br>Она рот закрывает ладошкой. Глаза по пять копеек.<br>-Точно? Это действительно он? Никакой ошибки?<br>-Он<br>Встают оба передо мной по стойке смирно. И громко с пафосом в один голос:<br>-АБСЦЕСС ВЕКА!!!<br><br>Садятся и уже в полголоса, как будто ничего не случилось...<br>- Молодой человек, у вас абсцесс правого века.<br><br>Ну не суки ли?]]></description>
    </item>
    <item>
        <guid isPermaLink="false">9a071a423e1775255105abeeedc22fae4682c55834dc014a4c0ccda8f9fab14c</guid>
        <link>http://bash.org.ru/quote/404331</link>
        <title>Цитата #404331</title>
        <pubDate>Wed, 26 Aug 2009 10:45:12 +0400</pubDate>
        <description><![CDATA[Объявление в газете:<br>Меняю:<br>Свадеб. компл. (юбка + корсет) рост 175+, разм. 46-48 на услуги сантехника (не сливает стир. маш.). Тел: (***)***-**-**]]></description>
    </item>

    <item>
        <guid isPermaLink="false">ae9182725a3bae7357047fe2d4f7e6dc19f373cabe565d3b5487e073dfe64fb7</guid>
        <link>http://bash.org.ru/quote/404330</link>
        <title>Цитата #404330</title>
        <pubDate>Wed, 26 Aug 2009 10:44:02 +0400</pubDate>
        <description><![CDATA[Создавая отчет в Crystal Reports, в шапке которого имеется заголовок &quot;Акт дефектации&quot;, очень трудно удержаться от от желания сделать мааааааааааааленькую опечатку.]]></description>
    </item>
    <item>

        <guid isPermaLink="false">a9b4ffb373080115a4d7b599b343e2c858cdf8ce5c080dfaa7d65a3f524a68db</guid>
        <link>http://bash.org.ru/quote/404329</link>
        <title>Цитата #404329</title>
        <pubDate>Wed, 26 Aug 2009 10:12:49 +0400</pubDate>
        <description><![CDATA[Волею судеб начал не так давно программировать на C#. И все бы ничего, но, по непонятной причине, меня начало переть с довольно часто встречающейся в нем конструкции -<br>public static void <br>Долго думал, с чего бы это. И через неделю меня осенило. Ведь это же по ударениям - один в один всем знакомое с детства КРИБЛЕ КРАБЛЕ БУМС!]]></description>
    </item>
    <item>
        <guid isPermaLink="false">d829bb5bd92dbc4822acfa1238f88638614f54725afc44878d3a872ad48e913b</guid>

        <link>http://bash.org.ru/quote/404328</link>
        <title>Цитата #404328</title>
        <pubDate>Wed, 26 Aug 2009 10:12:16 +0400</pubDate>
        <description><![CDATA[reydan: Да ну. Я просто спросил, чем она занимается. Она сказала, что в консалтинге.<br>reydan: По менеджменту.<br>reydan: Ну я и заинтересовался.<br>reydan: А утром оказалось, что она дура тупая.]]></description>
    </item>
    <item>
        <guid isPermaLink="false">90571ebd9832f50cdb5e033244504ee24c35a943684442c036bf52855bf59f5c</guid>
        <link>http://bash.org.ru/quote/404327</link>

        <title>Цитата #404327</title>
        <pubDate>Wed, 26 Aug 2009 10:11:02 +0400</pubDate>
        <description><![CDATA[сообщение на форуме:<br>1: есть много аудиокассет, лицензионные даже, выкидывать жалко, может кому-нибудь надо? обменяю хоть на что ) предложения или пожелания?<br>2: на макулатуру пойдет? ) у меня много старых и не очень газет, выкидывать жалко. можно использовать зимой при отключении отопления, утепляя тело путем обворачивания в газеты, а также разжигать костры и т.п., Предложения?]]></description>
    </item>
    <item>
        <guid isPermaLink="false">a8a1bf28063a298ebb3dd9db04f57afe396d63e89e5b3cb6d5b33bf071cc0b71</guid>
        <link>http://bash.org.ru/quote/404326</link>
        <title>Цитата #404326</title>

        <pubDate>Wed, 26 Aug 2009 09:46:01 +0400</pubDate>
        <description><![CDATA[Lopik: Как, кстати, твои девочки поживают?<br>xxx: Какие? Кошка и гитара?]]></description>
    </item>
    <item>
        <guid isPermaLink="false">28e85fcc3c79c26e7b4fdd7bcae3c431ea646e6e9741ecf42454e539eedcb7ef</guid>
        <link>http://bash.org.ru/quote/404325</link>
        <title>Цитата #404325</title>
        <pubDate>Wed, 26 Aug 2009 09:13:09 +0400</pubDate>
        <description><![CDATA[Poroh: у меня кот - как человек<br>Poroh: положил лапу под голову<br>Poroh: и спит<br>Poroh: милашка<br>Poroh: заднюю....]]></description>
    </item>

    <item>
        <guid isPermaLink="false">cb3c0092f75e5c1ac894e0185789ba862277ef1deba0af72a35810c5a59989c2</guid>
        <link>http://bash.org.ru/quote/404324</link>
        <title>Цитата #404324</title>
        <pubDate>Wed, 26 Aug 2009 09:12:02 +0400</pubDate>
        <description><![CDATA[xxx: <br>Сегодня на МКАДе видел:<br>в левом ряду едет милицейская шестёрка, включена аварийка, из громкоговорителя голос:<br>уиии-уу-уии-ууу,<br>уииии-ууу-уииииуууу,<br>мигалка не работает,<br>освободите дорогу,<br>уииии-уу-уиии-ууу...<br><br>yyy: <br>ага, не хватало только бойца с деревянным автоматиком:<br>остановите машину, буду стрелять!<br>тратата, тыщ, тыщ,<br>тратата<br>)))]]></description>
    </item>
    <item>

        <guid isPermaLink="false">914072441bec4609d34ef8e282ffdb7f701b68b26c1ebcc685f703337f46e925</guid>
        <link>http://bash.org.ru/quote/404323</link>
        <title>Цитата #404323</title>
        <pubDate>Wed, 26 Aug 2009 08:46:01 +0400</pubDate>
        <description><![CDATA[Году примерно в 2002-м сгорел у меня от броска напряжения комп. Совсем сгорел, к хуям. Остался жив дисковод, модем да память. Без компа мне тогда было никак - я подался во фриланс. Соответственно, купив в долг комп, я решил снабдить его бесперебойником, пусть БУ-шным. Встретился с товарищем, он как раз продавал, купил. Топаю по метро, в спортивной сумке упс. Тяжелый, падла. Перехожу на “Купаловскую”, ставлю сумку на бортик (бум!). А интересно ж - новая цацка! Ручки-то чешутся! Расстегиваю немного молнию, засовываю туда руку, включаю.<br><br>- Пиииииииип! Пиииииииип! Пииииииип!<br><br>Подымаю глаза и встречаюсь взглядом с ментом :-). Секунд 5 тупо смотрим друг на друга, потом я вырубаю упс, застегиваю сумку и делаю вид, что так и было. Мент удовлетворенно кивает, и отворачивается.<br><br>К чему я это все? Поспокойнее как-то раньше было, да…]]></description>
    </item>
    <item>
        <guid isPermaLink="false">33ef9398574f9ec8f2eb3ed7b434f9edb0293e456648236d28d090cb5b83e3b6</guid>

        <link>http://bash.org.ru/quote/404322</link>
        <title>Цитата #404322</title>
        <pubDate>Wed, 26 Aug 2009 08:13:02 +0400</pubDate>
        <description><![CDATA[RockyJack: всем стучащимся ко мне мудакам я говорю, что я лесбиянка и они мне больше не пишут )<br>RockyJack: так что если к тебе полезут девки - скажи, что ты гей )<br>Atrian: я им говорю что я программист<br>Atrian: и они не лезут.]]></description>
    </item>
    <item>
        <guid isPermaLink="false">cb652223dce3e4237fee05b9f765f3a1eb2a008f268b600e0c819df5e94c1d70</guid>
        <link>http://bash.org.ru/quote/404321</link>

        <title>Цитата #404321</title>
        <pubDate>Wed, 26 Aug 2009 08:12:01 +0400</pubDate>
        <description><![CDATA[Астраханская область. Автобусная остановка в чистом поле. На ней надпись красивым шрифтом &quot;УДАЧИ&quot;...]]></description>
    </item>
    <item>
        <guid isPermaLink="false">7f2116c9c8adaa0d81d0c253ca9c18a000436d845e99569d4c3409c3fc48a368</guid>
        <link>http://bash.org.ru/quote/404320</link>
        <title>Цитата #404320</title>

        <pubDate>Tue, 25 Aug 2009 19:59:03 +0400</pubDate>
        <description><![CDATA[Тау:<br>Нашла где растет валерьяна. Выкопала. Вымыла и метелку из надрезанных корней повесила на забор соседу, у которого шавка тупая и постоянно лает.<br>Теперь у меня зрелище. Толпы кошек-наркоманов идут, как зомби, а собака сходит с ума. Жду, когда падла охрипнет, или хозяин ее пристрелит]]></description>
    </item>
    <item>
        <guid isPermaLink="false">719a67191c4ba984797378d761850a40cadbf0ecbbcd6700ca1133f4ad2f5f0e</guid>
        <link>http://bash.org.ru/quote/404319</link>
        <title>Цитата #404319</title>
        <pubDate>Tue, 25 Aug 2009 18:58:38 +0400</pubDate>
        <description><![CDATA[ВиШеНкА: Смотрел вчера легкую атлетику?<br>Miracle of Light: Ага, смотрел, правда недолго, ибо получил культурный шок :)<br>ВиШеНкА: ???<br>Miracle of Light: Вышел на тройной прыжок какой-то здоровый чёрный негр, разбежался, прыгнул, а потом его назвали американкой...]]></description>
    </item>

    <item>
        <guid isPermaLink="false">f4463bcaf9f065737fa7aa3682a6f2a6321c0f8e1be3a503fd0e349f49e43442</guid>
        <link>http://bash.org.ru/quote/404318</link>
        <title>Цитата #404318</title>
        <pubDate>Tue, 25 Aug 2009 18:58:01 +0400</pubDate>
        <description><![CDATA[Ирка стоит смотрит в окно (за окном кладбище)... Смотрит-смотрит, а потом выдает:<br>- Чо-то там спокойно так...]]></description>
    </item>
    <item>

        <guid isPermaLink="false">41375bd092e427a2cdb513476f48b5a793903310948ca5bef024014ec216cbc7</guid>
        <link>http://bash.org.ru/quote/404317</link>
        <title>Цитата #404317</title>
        <pubDate>Tue, 25 Aug 2009 10:45:01 +0400</pubDate>
        <description><![CDATA[Это было давно... Шёл первый год КС в нашей конторе. Я с коллегой Глебом еду в такси, водитель - пожилой дядька, греет уши, мы беседуем о КС.<br>Г - А помнишь рынок в Италии?<br>Я - Хорошее место, там за тентами шкериться можно.<br>Г - Ну вот я и шкерился с калашом, а терры подранили, вяло отстреливаюсь, но тут пару наших подтянулись и коридорчик, где терры сидели, гранатами закидали... блаблаблабла.... разговариваем и потихоньку подъехали к его дому, Глеб прощается и идёт к подъезду, жутко прихрамывая. У него воспаление мениска тогда было:) Водитель ко мне поворачивается, смотрит с недоверием и говорит:<br>- Такие молодые, а уже столько повидали... ГРУ? Альфа? А чего мы в Италии делали?<br>Объяснил, проржавшись, дядька поматерился, настроение у обоих улучшилось)]]></description>
    </item>
    <item>
        <guid isPermaLink="false">f8f75102908c1c624f2ac482b4bec54cfa5035c91c98f70256d471d9f3afc086</guid>

        <link>http://bash.org.ru/quote/404316</link>
        <title>Цитата #404316</title>
        <pubDate>Tue, 25 Aug 2009 10:13:02 +0400</pubDate>
        <description><![CDATA[на счёт разводил :)<br>Уехала к подруге на ДР, благо мама в командировке :) в полдень приходит 100 р на телефон и смс от мамы &quot;у меня с собой больше нет&quot;... о_О шоза?? Но в состоянии &quot;нимагуговорить&quot; маме не звоню. вечер, ещё 500 р и вопрос &quot;сколько можно уже болтать?????&quot; о_О<br>След. день: нахожу ещё 2 смски &quot;да достала уже!!! где ты там шляешься и с кем общаешься??? никаких денег на тебя не хватит!!!&quot; о_О<br>Перезваниваю. <br>Оказывается маме пришло 5 смс с незнакомых номеров по типу &quot;мама, положи денег на номер&quot;. но мама читает все смски поверхностно, доче надо денег на телефон? положу :) и кидает всё мне :) обожаю свою невнимательную мать! )]]></description>
    </item>
    <item>
        <guid isPermaLink="false">a8c8b1fdb53f761bb1955a836832b43060519673ff637fdfc9872fd5eda91d4e</guid>
        <link>http://bash.org.ru/quote/404315</link>

        <title>Цитата #404315</title>
        <pubDate>Tue, 25 Aug 2009 09:45:59 +0400</pubDate>
        <description><![CDATA[&lt;psihos&gt; Макс, позвони мне. просто мне в падлу идти за трубкой, а если позвонишь, то возьмет сестра и принесет мне :)]]></description>
    </item>
    <item>
        <guid isPermaLink="false">0187456a95e586fb0453c0230cf6625929a3ddf17ec9a9df22b287ce6ac98648</guid>
        <link>http://bash.org.ru/quote/404314</link>
        <title>Цитата #404314</title>

        <pubDate>Tue, 25 Aug 2009 09:45:01 +0400</pubDate>
        <description><![CDATA[Моя девушка: Мне нужно еще умыться, накраситься и посуду вымыть<br>Я: Накраситься и умыться можешь у меня. И посуду помыть тоже...]]></description>
    </item>
    <item>
        <guid isPermaLink="false">38dc9d65839ccac5e4f04d07c0d3784970bc48861a069bccff232c6c92ad911e</guid>
        <link>http://bash.org.ru/quote/404313</link>
        <title>Цитата #404313</title>
        <pubDate>Tue, 25 Aug 2009 09:12:47 +0400</pubDate>
        <description><![CDATA[ZoozooZ™: Еду в электриче домой. Одет, как обычно в драные джинсы и куртку. По дороге познакомился с гопом, ну точнее он со мной познакомился :-) Сказал, кстати, что я четкий пацан :-) Выходим на одной остановке, спускаемся с платформы, он указывает на соседний дом и говорит: &quot;Вот, блять, пидорасы, понастроили коттеджей!&quot; &quot;И не говори&quot; - говорю, доставая ключ и входя как раз в этот дом. )<br>ZoozooZ™: жалко вы не видели его лица<br>ZoozooZ™: он наверное до сих пор там охреневший стоит )]]></description>
    </item>

    <item>
        <guid isPermaLink="false">e954eafda331ee2c3ad2eb2082bc74669d0ec2551256a05680e44062a7f85dd6</guid>
        <link>http://bash.org.ru/quote/404312</link>
        <title>Цитата #404312</title>
        <pubDate>Tue, 25 Aug 2009 09:12:02 +0400</pubDate>
        <description><![CDATA[на форуме<br><br>вопрос: детскую воду нужно кипятить, или просто подогревать можно?<br><br>ответ: Я не кипячу, потому что дочь пьет из ванны и лижет пол<br>Считаю кипячение излишним в таких условиях]]></description>
    </item>
    <item>

        <guid isPermaLink="false">b74352599f5f5f9d69c549c121ea693a6df7e1cd3e7044493a34dd00043794fa</guid>
        <link>http://bash.org.ru/quote/404311</link>
        <title>Цитата #404311</title>
        <pubDate>Tue, 25 Aug 2009 08:45:36 +0400</pubDate>
        <description><![CDATA[xxx: Я тут на днях ключи забыл, думал приду пьяный всех разбужу<br>xxx: Нихуя, в 11 утра уже никто не спал )]]></description>
    </item>
    <item>
        <guid isPermaLink="false">9eb1b41cd447eead0d8ad163b739874e4618d376549461b4d9c674328e13b2a5</guid>

        <link>http://bash.org.ru/quote/404310</link>
        <title>Цитата #404310</title>
        <pubDate>Tue, 25 Aug 2009 08:45:01 +0400</pubDate>
        <description><![CDATA[Блондинка: Ты что, обиделся?<br>Уиннизепу: Я никогда не обижаюсь на дураков, детей и женщин.<br>Блондинка: Так я по-твоему ещё и дура ?!!!<br>Уиннизепу: Даже и не знаю, что тебе теперь ответить ...]]></description>
    </item>
    <item>
        <guid isPermaLink="false">2778ccead282345d4e019a54eb393e87d0313689d181cb459f532ad05670cbdc</guid>
        <link>http://bash.org.ru/quote/404309</link>

        <title>Цитата #404309</title>
        <pubDate>Tue, 25 Aug 2009 08:12:57 +0400</pubDate>
        <description><![CDATA[xxx: У нас возле дома был у одного мужичка гараж. И вот заставили его городские власти этот гараж снести, т.к. портит вид города. <br>xxx: Гараж снесли, на его месте поставили мусорку...]]></description>
    </item>
    <item>
        <guid isPermaLink="false">3b20849840de7209baa44d551fac44b9e88f7eb059b03bfb76ddf0a110818002</guid>
        <link>http://bash.org.ru/quote/404308</link>
        <title>Цитата #404308</title>

        <pubDate>Tue, 25 Aug 2009 08:12:01 +0400</pubDate>
        <description><![CDATA[\\ обсуждение отдыха девушки на море.<br>x: это ещё что... я половину времени разгуливала в мужских трусах... потрясающе )<br>y: ты в них как в шортах что ли разгуливала? )<br>x: я просто совмещала приятное с полезным - не надо сильно париться по поводу надевания: раз, два и готово... да и от дагестанцев отмахиваться не приходилось... видимо девушки в мужских семейниках их не возбуждают )]]></description>
    </item>
    <item>
        <guid isPermaLink="false">0917655e5e8bc86539e984634b08d99b47e8df7727a99cd903feb70842fdc740</guid>
        <link>http://bash.org.ru/quote/404307</link>
        <title>Цитата #404307</title>
        <pubDate>Mon, 24 Aug 2009 10:12:01 +0400</pubDate>
        <description><![CDATA[Zlober&gt;<br>случилось с подругой в пятом классе.<br>подзывает ее училка и давай моск компостировать:<br>- вот чего ты такой отшельник, почему с остальными детьми не водишься, вот почему сидишь постоянно на последней парте, а когда все дети встают и вместе куда-либо идут, ты последняя идешь? тебе ваще это нравится?<br>- ну да... я чувствую себя пастухом.]]></description>
    </item>

    <item>
        <guid isPermaLink="false">2f392e75c0f6015cb947bdb7e0927a0dbd896b684fb570bf874a776bf126b121</guid>
        <link>http://bash.org.ru/quote/404306</link>
        <title>Цитата #404306</title>
        <pubDate>Mon, 24 Aug 2009 09:45:40 +0400</pubDate>
        <description><![CDATA[- Вчера стало плохо: подташнивало, голова кружилась, любимый посоветовал сходить душ прохладный принять.<br>- И?<br>- Ну я душик приняла, совсем нормально стало. Вылезаю вся такая посвежевшая, задерживаюсь у зеркала с мыслями:а я очень даже ничего. И давай вертеться у зеркала и выбирать самое сексуальное выражение лица. Наконец, вся в образе обольстительницы, подкатываю к любимому, сексуально провожу рукой по его спине, а он оборачивается и выдаёт так сочувственно:<br>Наташенька, тебя все таки стошнило?]]></description>
    </item>
    <item>

        <guid isPermaLink="false">ef43f599858ae0b669ef929c4efafc18c91a0c4cba33559d818d23453b10fbf5</guid>
        <link>http://bash.org.ru/quote/404305</link>
        <title>Цитата #404305</title>
        <pubDate>Mon, 24 Aug 2009 09:44:39 +0400</pubDate>
        <description><![CDATA[&lt;ultraSLIM&gt; Я когда в душе стою - тоже металлюга, весь в коже и волосатый. ТруЪ]]></description>
    </item>
    <item>
        <guid isPermaLink="false">82b87c0109f030c59a77603b32649ac417aba5ceacbd676c0a99b4ad9aecdb0a</guid>

        <link>http://bash.org.ru/quote/404304</link>
        <title>Цитата #404304</title>
        <pubDate>Mon, 24 Aug 2009 09:44:01 +0400</pubDate>
        <description><![CDATA[Oggi:<br>физиология физиологией, но рано или поздно хочеться уткнуться носом в плече тому одному, и всю ночь бояться пошевелиться, чтоб он не проснулся. И с улыбкой слушать его сопение или храп. Потом треснуть тапком по морде, чтоб прекратил и снова мирно спать рядом!)]]></description>
    </item>
    <item>
        <guid isPermaLink="false">403a265bb1585b8196f64dd85208c99f438fd18b58e0addb13e6fe304663b960</guid>
        <link>http://bash.org.ru/quote/404303</link>

        <title>Цитата #404303</title>
        <pubDate>Mon, 24 Aug 2009 09:12:39 +0400</pubDate>
        <description><![CDATA[ххх: Какой у меня пароль? Ну записывай: WC3TFTDOTA<br>yyy: Тьфу, блин, набор букв и цифр, и как ты его только запоминаешь.<br>ххх: Ну скажем так: он для меня имеет некий смысл<br>zzz: Смысл жизни, я бы сказал.]]></description>
    </item>
    <item>
        <guid isPermaLink="false">c0a2d4becf495f405cfd3f0203eb93897c0a233d4c6be7140d6b9fc8bc0d378d</guid>
        <link>http://bash.org.ru/quote/404302</link>
        <title>Цитата #404302</title>

        <pubDate>Mon, 24 Aug 2009 09:12:01 +0400</pubDate>
        <description><![CDATA[- В машине прожгли потолок сигаретой, нужен СРОЧНЫЙ ремонт...<br>- СРОЧНЫЙ ремонт необходим когда шпильками потолок истыкан, а у вас можно в рабочем порядке.]]></description>
    </item>
    <item>
        <guid isPermaLink="false">e625294d34ed7798305290f1b042c4ea3714f1c49dc80dfe3d5271bfccd79311</guid>
        <link>http://bash.org.ru/quote/404301</link>
        <title>Цитата #404301</title>
        <pubDate>Mon, 24 Aug 2009 08:45:33 +0400</pubDate>
        <description><![CDATA[С форума бру:<br>В РФ из обладателей корочки о высшем образовании очень солидный процент тех, у кого от высшего образования только корочка.]]></description>
    </item>

    <item>
        <guid isPermaLink="false">f116a141efebe9e3b6a43cb4e98e97e6c09a7f01cf7d13dbb0e9f184bccf908e</guid>
        <link>http://bash.org.ru/quote/404300</link>
        <title>Цитата #404300</title>
        <pubDate>Mon, 24 Aug 2009 08:45:02 +0400</pubDate>
        <description><![CDATA[Знакомые, пара, заболели гриппом, сидели дома несколько дней. Сегодня пишет девушка:<br><br>XXXXX:<br>мы - выздоровели за час<br>знаешь как?<br>подруга принесла новый градусник, оказывается, наш врал]]></description>
    </item>
    <item>

        <guid isPermaLink="false">d601864743b56a18044fa167b49c53909adc519ed4088c3ae5ec99009403890b</guid>
        <link>http://bash.org.ru/quote/404299</link>
        <title>Цитата #404299</title>
        <pubDate>Mon, 24 Aug 2009 08:13:17 +0400</pubDate>
        <description><![CDATA[Shredder: Сосед пошел носки стирать. В полвторого ночи.<br>Shredder: Думал я сплю, стирал тихо-тихо. А у нас же раковина посудой заставлена :)<br>Shredder: Я засыпать уже начал, тут что-то звякнуло - мелкое типа вилки.<br>Shredder: Сосед как заорет на весь блок: &quot;ЕБАНОЕ БРЯКАЛО!&quot;<br>Shredder: Беспалева :))]]></description>
    </item>
    <item>
        <guid isPermaLink="false">f9448665e47a40b37f88af12c9db55aff4c0b624593eba7ed63ae92726eade2f</guid>

        <link>http://bash.org.ru/quote/404298</link>
        <title>Цитата #404298</title>
        <pubDate>Mon, 24 Aug 2009 08:12:02 +0400</pubDate>
        <description><![CDATA[xxx<br>Сегодня в газете &quot;Метро&quot; прочитал: &quot;Поставьте кровать или диван так, чтобы во время сна ваша голова не была направлена в угол. Электромагнитные волны способны собираться именно в углах&quot;.<br>xxx<br>волны собираются по трое, и обсуждают свои электромагнитные новости, иногда даже выпивают]]></description>
    </item>
    <item>
        <guid isPermaLink="false">018e112d9aea00c5c65735ddb3f91f717a31af8a7d4332fa0cab94d98c1410bb</guid>
        <link>http://bash.org.ru/quote/404297</link>

        <title>Цитата #404297</title>
        <pubDate>Sun, 23 Aug 2009 08:45:46 +0400</pubDate>
        <description><![CDATA[Mokyс:<br>а какие ваши любимые позы?<br><br>Vredinka:<br>я в кресле, полностью расслаблена, глаза полуприкрыты, дыхание ровное, правая рука вытянута чуть вперед... и мышкой &quot;клац-клац-клац&quot;...]]></description>
    </item>
    <item>
        <guid isPermaLink="false">57e1059841adc244bbab7ce7ce6c0bc1e526fd59bfc1bd5ff2834c2f6cdb217f</guid>
        <link>http://bash.org.ru/quote/404296</link>
        <title>Цитата #404296</title>

        <pubDate>Sun, 23 Aug 2009 08:44:59 +0400</pubDate>
        <description><![CDATA[У нас в городе проходит ярмарка, ну и продают в общем всякую чушь. Проходим мимо стенда со всякой электротехникой, а там стоит вентилятор с неоновой подсветкой вокруг лопастей. Ну и смотрю я подходит мужик и начинает медленно совать туда палец, продовец, глядя на это, ему сообщает:<br>- Заинтересовало? Это специальный вентилятор для привлечения насекомых!<br>На что мужик изрекает:<br>- То-то я смотрю - меня затягивает...]]></description>
    </item>
    <item>
        <guid isPermaLink="false">11a8894e2f5484820e0d02f53f13ba124404a5d5e9194dc27c39d425a09a78df</guid>
        <link>http://bash.org.ru/quote/404295</link>
        <title>Цитата #404295</title>
        <pubDate>Sun, 23 Aug 2009 08:44:03 +0400</pubDate>
        <description><![CDATA[ХХХ: Я тут бошку разбил себе=(<br>YYY: Как это ты так???<br>ХХХ: да позавчера помнишь, ливень был ночью?<br>ХХХ: с другом как раз были на велосипедах в районе юго-западной, тут град пошёл, а потом и ливень стеной, решили поехать обратно, а на дороге ремонт какой-то был, я разогнался, вижу только звёздочки в очках (капли отражали), не заметил на дороге бетонную хереновню, и я лечу и думаю, что будет дальше, пролетел примерно пару метров<br>ХХХ:  приземлился вроде бы удачно, но тут на меня с верху велик падает =)))]]></description>
    </item>

    <item>
        <guid isPermaLink="false">a2f97406bf94cf08f5f44d3039edb41fa63a003df1da695fbdc000f14591c03b</guid>
        <link>http://bash.org.ru/quote/404294</link>
        <title>Цитата #404294</title>
        <pubDate>Sun, 23 Aug 2009 08:12:34 +0400</pubDate>
        <description><![CDATA[ХХХ: Как-то преподша по культурологии, возмутившись поведением студентов на своих парах, пригласила посидеть на них декана. <br>ХХХ: Декан проявил себя как истинный студент. Сначала сидел и делал вид что ему интересно, потом стал играть в телефоне, а потом тупо заснул. <br>ХХХ: Больше у нее к нам вопросов небыло :)]]></description>
    </item>
    <item>

        <guid isPermaLink="false">42406b2b71fd2e16a081be2d1f8c88eb0aa684290617287376a0902d80c127c9</guid>
        <link>http://bash.org.ru/quote/404293</link>
        <title>Цитата #404293</title>
        <pubDate>Sun, 23 Aug 2009 08:12:01 +0400</pubDate>
        <description><![CDATA[Случай в метро.<br>Едут парень (П) и девушка (Д). Поезд резко тормозит, девушка падает на парня:<br>Д: Ой, б**ять !<br>П: Че ты матом ругаешься?!<br>Д: Это вы технари да механики матом ругаетесь, а мы экономисты-переводчики используем экспрессивную лексику!]]></description>
    </item>
    <item>
        <guid isPermaLink="false">fed70e93481cf77866d8569cde8cd73a7e956c27a1a7a81560e3472e07ade1a7</guid>

        <link>http://bash.org.ru/quote/404292</link>
        <title>Цитата #404292</title>
        <pubDate>Sat, 22 Aug 2009 08:44:38 +0400</pubDate>
        <description><![CDATA[Goblinn&gt; Продай поменяй или выкинь и собери новую колоду учитывай что красный и синий трудно совместимые цвета и играть красно-синим трудно так как один цвет быстрый , а другой медленный один впереди другово бегает и смеётся а другой вздыхает и бежит за ним. так что соберай например чёрно синий очень играбельно и скажи ты как в каком турнирном типе собрался ишрать или это просто фан?<br>&gt;arosy&gt; красно-синий - несовместимые цвета? Скажите это ЦСКА )]]></description>
    </item>
    <item>
        <guid isPermaLink="false">530c6e3063010dfe8db5ba2f3b04be87f930820f0695efc8444264d12cebc25f</guid>
        <link>http://bash.org.ru/quote/404291</link>

        <title>Цитата #404291</title>
        <pubDate>Sat, 22 Aug 2009 08:44:02 +0400</pubDate>
        <description><![CDATA[заходит начальник и говорит:<br>- Как вы все синхронно нажали Альт-Ф4! )))]]></description>
    </item>
    <item>
        <guid isPermaLink="false">f9e31a22373501e274dd02d7a43f73cdeec7001c3a6d8ccd7918b0c30f219661</guid>
        <link>http://bash.org.ru/quote/404290</link>
        <title>Цитата #404290</title>

        <pubDate>Sat, 22 Aug 2009 08:13:17 +0400</pubDate>
        <description><![CDATA[про CS:<br>***<br>1: какую карту-то играть будем?<br>2: подожди, я щас с девушкой поговорю, либо даст либо дд2<br>1: сурово...<br>2: я про даст первый!]]></description>
    </item>
    <item>
        <guid isPermaLink="false">3a8315baf1678f28609a48b905b7fe830c0f1203ee8049f3771716371bd6027b</guid>
        <link>http://bash.org.ru/quote/404289</link>
        <title>Цитата #404289</title>
        <pubDate>Sat, 22 Aug 2009 08:12:01 +0400</pubDate>
        <description><![CDATA[x_dec : как у тебя в личном плане?<br>phlowtek : зимой с девушкой расстался<br>phlowtek : с тех пор все нормально]]></description>
    </item>

    <item>
        <guid isPermaLink="false">932c60541d03b54e2ca9a034bb18509acf67719411c7ec50602b972d7d76924a</guid>
        <link>http://bash.org.ru/quote/404288</link>
        <title>Цитата #404288</title>
        <pubDate>Sat, 22 Aug 2009 08:11:02 +0400</pubDate>
        <description><![CDATA[Сегодня с утра проснулся с перепоя в одежде в 5 утра, решил выйти на балкон покурить. А мне на днях братишка подогнал зажигалку в виде ручной гранаты Ф1. Выхожу значит на балкон, закуриваю и, отрешенно подкидывая зажигалку в руке, смотрю на новую тачку во дворе с открытым верхом. В это время на соседний балкон выходит тетка-соседка лет сорока тоже покурить. Смотрит на меня, нервно кидает:&quot;Здрасьте, Илья!&quot; - и быстро сваливает обратно на флэт. Я сначала не догоняю и начинаю осматривать себя, что со мной не так. И тут понимаю, что одет в камуфляжные штаны, майку, на которой поднятый вверх кулак, обвитый колючей проволокой, армейскую кепку-натовку, волосы вьющиеся как у Че Гевары, недельная небритость на морде и я смотрю апатичным взглядом на дорогущую иномарку с сигаретой в зубах, подкидывая гранату...<br><br>Вот сижу, жду когда мой куратор из ФСБ приедет.]]></description>
    </item>
    <item>

        <guid isPermaLink="false">099b27c050d2fd20bc48e007ccd6dee3ea3ea78e9fb27309d8b37fa6ad2191d4</guid>
        <link>http://bash.org.ru/quote/404287</link>
        <title>Цитата #404287</title>
        <pubDate>Fri, 21 Aug 2009 14:12:14 +0400</pubDate>
        <description><![CDATA[Новостная лента на рамблере:<br>Гигантская панда родила близнецов<br>(и следом через пару сенсаций)<br>Жительница Тольятти родила четверых близнецов<br>]]></description>
    </item>
    <item>
        <guid isPermaLink="false">4e1e192a01f0772563f2b1bdabe401d4b1150c10b812fbb3bb66ef9ffd54e55e</guid>

        <link>http://bash.org.ru/quote/404286</link>
        <title>Цитата #404286</title>
        <pubDate>Fri, 21 Aug 2009 14:11:01 +0400</pubDate>
        <description><![CDATA[Сейчас жена читает мелкому (2,5 года) книжку с картинками &quot;Мешок яблок&quot;. Там по сюжету заяц нашел яблоню, собрал мешок яблок, а пока домой шел - раздал зверям, сам приперся с пустым мешком, ну а звери типа принесли ему кто чем богат...<br>И вот жена читает:<br>- Сели они за стол, а за столом чего только нет... (показывает картинку)<br>Мелкий: Мяса нету.]]></description>
    </item>
    <item>
        <guid isPermaLink="false">662e3906918529a22d64cd4abf9fbb0aec33fcb786695758db1538da887e2f8e</guid>
        <link>http://bash.org.ru/quote/404285</link>

        <title>Цитата #404285</title>
        <pubDate>Fri, 21 Aug 2009 09:45:06 +0400</pubDate>
        <description><![CDATA[xxx: Я, Юлька, по настоящему тебя зауважала, когда ты кружищу сладкого кофе опрокинула себе на стол, залив документы отчётные, ежедневник, клавиатуру с мышкой и &quot;Ой&quot; сказала.]]></description>
    </item>
    <item>
        <guid isPermaLink="false">203c84a8ef2fd6fc74658d815be9ab1387216371c3f6bea9e01174800032f05a</guid>
        <link>http://bash.org.ru/quote/404284</link>
        <title>Цитата #404284</title>

        <pubDate>Fri, 21 Aug 2009 09:44:01 +0400</pubDate>
        <description><![CDATA[Чертенок: А у меня сегодня день Ангела!<br>Брэд: Даа? Церковь не против?]]></description>
    </item>
    <item>
        <guid isPermaLink="false">6447f50f60dae782373867b039f3c889d520e34a42f1194f1d5ffa9c68eda100</guid>
        <link>http://bash.org.ru/quote/404283</link>
        <title>Цитата #404283</title>
        <pubDate>Fri, 21 Aug 2009 09:13:12 +0400</pubDate>
        <description><![CDATA[xxx:<br>Мама, недавно окончившая курсы копьютерной грамотности, решила меня наказать, лишив интернета, и, сняв крышку системника, пока меня не было дома, вытащила сетевую карту, ничего не повредив при этом (!!!).<br><br>xxx:<br>Так и живем: довольная мама, сын, и вайфай-роутер в шкафу.]]></description>
    </item>

    <item>
        <guid isPermaLink="false">438b60b3f61c5545e946d983e30b6021f37e177c302b6b015dcb389c3070af25</guid>
        <link>http://bash.org.ru/quote/404282</link>
        <title>Цитата #404282</title>
        <pubDate>Fri, 21 Aug 2009 09:12:01 +0400</pubDate>
        <description><![CDATA[xxx: Глянул в левый нижний угол экрана, там написано - 16:10<br>xxx: Целую минуту тупил, почему выбран такой формат на обычном 4:3 монике, пока цифры не сменились на 16:11, потом 16:12...]]></description>
    </item>
    <item>

        <guid isPermaLink="false">2bc818ae68ccd244b0d7264a97116cee7302608332776cb55957cec098a8c835</guid>
        <link>http://bash.org.ru/quote/404281</link>
        <title>Цитата #404281</title>
        <pubDate>Fri, 21 Aug 2009 08:45:31 +0400</pubDate>
        <description><![CDATA[Алёнка: меня вот уже третий раз приглашают в группу - Cупеp метод кaк увеличить гpудь до 3 paзмеpa!<br>Алёнка: на фиг мне надо?!<br>Алёнка: мне бы уменьшить!<br>Алёнка: до третьего..]]></description>
    </item>
    <item>
        <guid isPermaLink="false">3750874c351090e6a389d5b6f14c085bd78a3db3b8a2566a46c066bb26373861</guid>

        <link>http://bash.org.ru/quote/404280</link>
        <title>Цитата #404280</title>
        <pubDate>Fri, 21 Aug 2009 08:44:40 +0400</pubDate>
        <description><![CDATA[ххх: щас баба мимо кабинета прошла с телефоном. Говорит кому-то: &quot;Вчера у меня скрутили номера, потому что ехала без техосмотра. Седня забрали права, потому что ехала без номеров&quot;<br>ууу: завтра заберут машину, потому что ехала без прав<br>ууу: а послезавтра её заберут в дурдом, потому что ехала без машины]]></description>
    </item>
    <item>
        <guid isPermaLink="false">7c17de84c0d84790e56cb47adab5bd6bb5d6cb67ebf22f239969e7c154aa0959</guid>
        <link>http://bash.org.ru/quote/404279</link>

        <title>Цитата #404279</title>
        <pubDate>Fri, 21 Aug 2009 08:44:02 +0400</pubDate>
        <description><![CDATA[Подруга, устроилась на новую работу:<br>&quot;подписала кучу бумажек о неразглашении)))<br>тут такой интересный проект. расскажу при встрече)&quot;<br>]]></description>
    </item>
    <item>
        <guid isPermaLink="false">3b1b0802500e1c0a2a419bd2030b62f5aa36b99af0a4b6155626fadf3ddbf69a</guid>
        <link>http://bash.org.ru/quote/404278</link>
        <title>Цитата #404278</title>

        <pubDate>Fri, 21 Aug 2009 08:13:02 +0400</pubDate>
        <description><![CDATA[Сократив сотни римских и греческих богов до одного христианского, человечество провело непревзойденную до сих пор по эффективности реформу по сокращению административного аппарата.<br><br>]]></description>
    </item>
    <item>
        <guid isPermaLink="false">c6f58134a86fe58ed417fdd92bb1c8dd84e655c32376310d64e00b65d8e22cca</guid>
        <link>http://bash.org.ru/quote/404277</link>
        <title>Цитата #404277</title>
        <pubDate>Thu, 20 Aug 2009 11:46:01 +0400</pubDate>
        <description><![CDATA[&lt;Byron&gt; Дочка Убунту прибежала к Дебиану и, весело смеясь, поцеловала его в<br>лоб: &quot;С днём рождения, папа!&quot;<br>Затем она окинула радостным взглядом сидящих за столом гостей и<br>спросила своим звонким голосом:<br>— Папа, а где Gentoo, разве он ещё не пришёл?<br>— Нет, он ещё только собирается.]]></description>
    </item>

    <item>
        <guid isPermaLink="false">fb90e272a29e774afd4c721188989c6dde2d487eb805a81cd05e5b38fb438fdd</guid>
        <link>http://bash.org.ru/quote/404276</link>
        <title>Цитата #404276</title>
        <pubDate>Thu, 20 Aug 2009 11:45:00 +0400</pubDate>
        <description><![CDATA[AlexandRUS<br>лол, щас приходит мама, у меня моцарт играет,соната для скрипки и фортепьяно. Мама: &quot;че за музыка у тебя похоронная?&quot;, переключаю на радио шокмэн, там спидметал какой-то &quot;так лучше?&quot; - &quot;ну, пободрее хоть&quot;]]></description>
    </item>
    <item>

        <guid isPermaLink="false">7cd9c926cc23bbe37a0c6e2787fe868093f7e94d286a2e1ec2b1a1aab866fd02</guid>
        <link>http://bash.org.ru/quote/404275</link>
        <title>Цитата #404275</title>
        <pubDate>Thu, 20 Aug 2009 11:44:02 +0400</pubDate>
        <description><![CDATA[X: я тебе нашел работу админом, пиши **-**-**<br>X: работа нормальная, пишут<br>X: бабло нормальное<br>Y: слушай, Пап<br>Y: это моя старая контора, с которой меня сократили из за нехватки денег в бюджете :D]]></description>
    </item>
    <item>
        <guid isPermaLink="false">3f0671d6a19aae0dc36fa6ccdd0743a5f4a8fd858ee6526df96e0878e35269a9</guid>

        <link>http://bash.org.ru/quote/404274</link>
        <title>Цитата #404274</title>
        <pubDate>Thu, 20 Aug 2009 11:13:02 +0400</pubDate>
        <description><![CDATA[Мы с друзьями договорились поехать на базу отдыха. Один из нас сильно опаздывает.<br>- Вован, ты где?<br>- Вот уже в автобусе еду.<br>- Жаль, хотели сказать чтобы ты кастрюлю взял.<br>- А, не проблема, сейчас возьму.]]></description>
    </item>
    <item>
        <guid isPermaLink="false">30a57ffcc769538ea5bc9d21725c29229be5464976f4d505667ec30e8b6c218e</guid>
        <link>http://bash.org.ru/quote/404273</link>

        <title>Цитата #404273</title>
        <pubDate>Thu, 20 Aug 2009 10:46:01 +0400</pubDate>
        <description><![CDATA[Herr Niemand&gt; тут сегодня у меня на фирме ночью мыши сгрызли скрольные колесики у двух мышек.<br>Alek Boo&gt; мыши не терпят конкуренции]]></description>
    </item>
    <item>
        <guid isPermaLink="false">fda62daa0922793c8b69cbac14e05dde6970c551f8b0b7c98e7a5b86ec4ece3b</guid>
        <link>http://bash.org.ru/quote/404272</link>
        <title>Цитата #404272</title>

        <pubDate>Thu, 20 Aug 2009 10:13:01 +0400</pubDate>
        <description><![CDATA[xxx: поймал аутпост за пожиранием 40% цпу. навёл мышкой, он засмущался и освободил...]]></description>
    </item>
    <item>
        <guid isPermaLink="false">0f61c1dfa5bd77d2090c88c2c615ae71c2cb3d6cc715808296fb68f1c0b1cd19</guid>
        <link>http://bash.org.ru/quote/404271</link>
        <title>Цитата #404271</title>
        <pubDate>Thu, 20 Aug 2009 09:46:01 +0400</pubDate>
        <description><![CDATA[&lt;xxx&gt; в комнате без окон, где роятся SAP-консультанты (кстати, после их появления в туалете постоянно нассано мимо унитаза), ввиду проводимой реконструкции системы вентиляции, отключили свет и сеть.<br>&lt;xxx&gt; они всё равно продолжают там сидеть! в тёмной комнате! без связи с SAP-системами!<br>&lt;xxx&gt; вот думаем - мож их дустом?<br>&lt;yyy&gt; они убегут под плинтус, и фиг вы их вообще достанете]]></description>
    </item>

    <item>
        <guid isPermaLink="false">0e17b3a47257764d9367856c0413a17143f905fcfbe6a1eff0ceda559105a149</guid>
        <link>http://bash.org.ru/quote/404270</link>
        <title>Цитата #404270</title>
        <pubDate>Thu, 20 Aug 2009 09:13:14 +0400</pubDate>
        <description><![CDATA[Ya_Maksimko!: Антошка<br>Ya_Maksimko!: Антошка<br>Ya_Maksimko!: сыграй нам на гармошке!!<br>Antonio: :]III[:<br>Antonio: Трали-вали бля]]></description>
    </item>
    <item>

        <guid isPermaLink="false">e1ae9f3978490226612ac50f75226008cc977cf1f35dc0ed17334d0b805c2dd5</guid>
        <link>http://bash.org.ru/quote/404269</link>
        <title>Цитата #404269</title>
        <pubDate>Thu, 20 Aug 2009 09:12:01 +0400</pubDate>
        <description><![CDATA[Сижу сегодня в Макдаке, наблюдаю картину. Девочка лет пяти с мамашей, тыкает пальцем во все стороны и кричит:<br>-Мам, смотри, что мне в хепи миле попалось!<br>-Мам, смотри, как картошка прикольно изогнута!<br>-Мам, смотри, а те стулья крутятся!<br>В этот момент подходит уборщица и начинает собирать с пола мусор.<br>-Мам, смотри, тетя-харвестер!]]></description>
    </item>
    <item>
        <guid isPermaLink="false">bb6fec0cd7384c7185d956969c7b497653b726318592e689544374c76af2cb2c</guid>

        <link>http://bash.org.ru/quote/404268</link>
        <title>Цитата #404268</title>
        <pubDate>Thu, 20 Aug 2009 08:45:59 +0400</pubDate>
        <description><![CDATA[xxx: блин<br>xxx: хочу услышать диалап<br>xxx: давно не слушал<br>xxx: соскучился]]></description>
    </item>
    <item>
        <guid isPermaLink="false">c541cd290cf31fbebf258e40b5d9699ffe75940a0a507588c4dd5452230e7f4c</guid>
        <link>http://bash.org.ru/quote/404267</link>

        <title>Цитата #404267</title>
        <pubDate>Thu, 20 Aug 2009 08:45:02 +0400</pubDate>
        <description><![CDATA[xxx: ты зачем мужа дома одного оставила? он же будет пиво вить целыми днями, друзей водить!<br>yyy: да я хочу холодильник разморозить; надо чтоб кто-то всё подъел]]></description>
    </item>
    <item>
        <guid isPermaLink="false">6f44ccb8a8254d821153abc8cb33764d605990809deaa5d90bbe3f6c07bf68af</guid>
        <link>http://bash.org.ru/quote/404266</link>
        <title>Цитата #404266</title>

        <pubDate>Thu, 20 Aug 2009 08:13:02 +0400</pubDate>
        <description><![CDATA[xxx: Вчера вечером было просто хорошее настроение, начал прикалываться над матерью. Она конечно была в шоке, спросила &quot;ты что накуренный?&quot;. <br>xxx: Я говорю &quot;хочешь дам то, на что я подсел?&quot;. она - &quot;да&quot;. Я иду на кухню, делаю из батонного мякиша таблетку, и даю ей. <br>xxx: Она берет, выкидывает ее в ванную и теперь думает что я наркоман. (]]></description>
    </item>
    <item>
        <guid isPermaLink="false">64bf9a7ea4e16bc84360a00f25942a1613856821c1027e74eeabecc361786cb6</guid>
        <link>http://bash.org.ru/quote/404265</link>
        <title>Цитата #404265</title>
        <pubDate>Wed, 19 Aug 2009 09:46:01 +0400</pubDate>
        <description><![CDATA[Коул: Да что вы вообще понимаете... Спалился — это когда разломил персик. Ровно пополам. На глазах у папы.<br>Коул: Языком.]]></description>
    </item>

    <item>
        <guid isPermaLink="false">e53c1c66ac10c2f12613023d359f9e5a84753482bec599750ddc3a7da8b47732</guid>
        <link>http://bash.org.ru/quote/404264</link>
        <title>Цитата #404264</title>
        <pubDate>Wed, 19 Aug 2009 09:13:01 +0400</pubDate>
        <description><![CDATA[...криптоистория России как английской криптоколонии. Мол, с 1905 г. и по сей день нами управляет колониальная администрация Короны.<br><br>Это же сколько вокруг альтернативно одаренных.<br>Помнится, ради интереса попытался подсчитать(опираясь на известных мне версии) на кого, Ленин работал и сколько ему в сумме за это платили. Получилось, что проще посчитать тех на кого Ленин не работал, а суммы вышли на столько астрономическими, что пол Евразии можно было банально скупить, а на сдачу провести тотальную электрификацию.]]></description>
    </item>
    <item>

        <guid isPermaLink="false">19b60a9b388ca6850f7a5a94f1484f201f52bf783d41546e9bbe97650e841687</guid>
        <link>http://bash.org.ru/quote/404263</link>
        <title>Цитата #404263</title>
        <pubDate>Wed, 19 Aug 2009 08:46:01 +0400</pubDate>
        <description><![CDATA[Разговор о габаритах стиральной машины:<br>Девочка: кстати, замерь, сколько там ширина и глубина, о!<br>Мальчик: ок, замерю, только глубина чего?<br>Д: ну, глубина машинки максимальная<br>Д: есть высота, ширина и глубина<br>М: длина это<br>Д: у девочек это глубина называется!]]></description>
    </item>
    <item>
        <guid isPermaLink="false">9b154e70340e7f5d7189f34b6a2dec27040103837ec9f4aef5d1a83cc8d5abc5</guid>

        <link>http://bash.org.ru/quote/404262</link>
        <title>Цитата #404262</title>
        <pubDate>Wed, 19 Aug 2009 08:13:01 +0400</pubDate>
        <description><![CDATA[ххх: у меня старые добрые колонки кливер-100 (подобие S-90). усилок сам паял на соответствующую мощность.<br>подключено это дело к компу и управляется с телефона через синий зуб.<br>в нашей дыре, мало кто тырнетом пользуется, не говоря уже о такой системе дистанционого управления.<br>так вот. хреначит у меня какой-то тежеляк на полную, я в открытом окне шурупы меняю. по улице идёт типичный гопник с неподкуренной сигаретой во рту. и видимо просит подкуриться. ну я для точности (мало ли чего) беру телефон с подоконника, ставлю на паузу, переспрашиваю.<br>и вижу как у гопника с нереально круглыми глазами изорта выпадывает сигарета.<br>он что-то нечленораздельно мычит. спустя несколько секунд машет руками и быстро уходит часто оглядываясь.<br>я как ни в чём не бывало, снимаю с паузы.. тут он вообще бегом побежал.<br>ууу: А не боисся, что теперь тебя грохнут нахуй ради супер телефона? :)]]></description>
    </item>
    <item>
        <guid isPermaLink="false">31d6d2ca0b3081e8b058763f635e44ff7149cebfa0e3ef8c6f68fa04f6c39923</guid>
        <link>http://bash.org.ru/quote/404261</link>

        <title>Цитата #404261</title>
        <pubDate>Tue, 18 Aug 2009 12:44:02 +0400</pubDate>
        <description><![CDATA[ехал в поезде. Дико &quot;повезло&quot; - попал в плацкартное купе к трем дембелям-вдвшникам. Думал - ну все, ща упьются и укатают в стену. Поэтому всю дорогу лежал на своем месте на верхней полке. Парни не обращали на меня внимание и пили. Наконец и у них иссякли силы и они легли спать. я тоже было мирно заснул. Разбудил меня дикий грохот. Оказывается, один из десантов решил пройтись по делам и вскочил как при побудке. Однако он не учел, что верхняя полка. Он впечатался лбом в 3 полку и &quot;ушел&quot; спать. Через минуту он опять вскочил и опять втемяшился в с размаху в полку Разгром довершил спокойный голос снизу. &quot;Коля, ты дуб. Представь что ты в бмд и пригнувшись десантируй&quot;<br><br>З.Ы парни оказались вполне адекватными и на второй день мы пили и ели уже вместе]]></description>
    </item>
    <item>
        <guid isPermaLink="false">b3976e1a316bfbdb031b69f2e2f094a77726cdf2940adab09be4a69ee6ee7fa3</guid>
        <link>http://bash.org.ru/quote/404260</link>
        <title>Цитата #404260</title>

        <pubDate>Tue, 18 Aug 2009 12:12:39 +0400</pubDate>
        <description><![CDATA[fff: Мои соседи сверху вчера целый день на кухне гнали самогонку и к вечеру видно их аппарат не выдержал и взорвался! <br>fff: И меня затопило!!! <br>fff: Сначала прям даже растерялся, что делать... <br>fff: Куда собирать )]]></description>
    </item>
    <item>
        <guid isPermaLink="false">7197004c5dc99b28431b8a0c780e1fc27edc0c7af55284db641eb1482db28b44</guid>
        <link>http://bash.org.ru/quote/404259</link>
        <title>Цитата #404259</title>
        <pubDate>Tue, 18 Aug 2009 12:12:01 +0400</pubDate>
        <description><![CDATA[Aerojet (13:18) :<br>У меня, кста, закономерность уже: каждое утро кладу в кошелёк по 500 рублей, а вечером в кошельке на 100 рублей больше, чем в предыдущий вечер! Попробуй! Это реальный способ заработать!]]></description>
    </item>

    <item>
        <guid isPermaLink="false">a82a0f50babb0dd2480917de90629d18b4f9c7488072cb1d2c9f8cbe2b68fe05</guid>
        <link>http://bash.org.ru/quote/404258</link>
        <title>Цитата #404258</title>
        <pubDate>Tue, 18 Aug 2009 11:45:57 +0400</pubDate>
        <description><![CDATA[Легенду по то, что человек не может жить без работы придумали те, кто никогда не работал, для тех, кто никогда не отдыхал.]]></description>
    </item>
    <item>

        <guid isPermaLink="false">5257afedd07204058975f3fce6249467518e4587b7070305420c812ed4dc070e</guid>
        <link>http://bash.org.ru/quote/404257</link>
        <title>Цитата #404257</title>
        <pubDate>Tue, 18 Aug 2009 11:45:01 +0400</pubDate>
        <description><![CDATA[VampirBFW<br>Неа, сегодня на склады пришел негр - такой солидный мужчинка, лет 35<br>Стоит, получает товар и тут на весь склад начинает играть песня <br>&quot;Ай яй яй яй убили негра убили<br>Ай яй яй яй ни за что ни про что&quot;<br>И т.д. <br>Он достает мобилу, на экране написано &quot;ЖЕНА&quot;...]]></description>
    </item>
    <item>
        <guid isPermaLink="false">a83b7ddb313ce8efa2543557b4e11250a24fa7d5edef07755f476cae4be7ff39</guid>

        <link>http://bash.org.ru/quote/404256</link>
        <title>Цитата #404256</title>
        <pubDate>Tue, 18 Aug 2009 11:13:06 +0400</pubDate>
        <description><![CDATA[обсуждение гибели курта кобейна.<br>выше говорилось, что на дробовике, которым он застрелился, не было найдено отпечатков пальцев.<br><br>Mrats | 2007-07-14<br>Вообше-то про отпечатки это правда! я думаю Курт застрелился в перчатках а потом просто их снял...]]></description>
    </item>
    <item>
        <guid isPermaLink="false">09d20f64d2759d877a2737634a8b77b2e48b4f38c786440dc2954389dc8d8d4d</guid>
        <link>http://bash.org.ru/quote/404255</link>

        <title>Цитата #404255</title>
        <pubDate>Tue, 18 Aug 2009 11:12:01 +0400</pubDate>
        <description><![CDATA[xxx:<br>Слышу — в соседней комнате телевизор работает. Прислушался, а там Путин разглагольствует. Ну как он любит, с эмоциями, с чувством так. И вдруг, когда он доходит до слов: (с накалом эмоций) «да это ведь просто...» — слышится писк, ну как обычно маты запикивают. Секунды две попищало и опять голос Путина. Я в крайнем шоке, думаю, ну все, дожили, у нас в стране уже премьер по телевизору матерится.<br><br>xxx:<br>Оказывается, это мама, чтоб Путина не слушать, переключила на другой канал, и на профилактику как раз попала. И, раз так, вернулась уж на Путина.]]></description>
    </item>
    <item>
        <guid isPermaLink="false">a6c578d56d7dc001de227a6aff26b4cb96704f61088b3b7e8d46e6b9c109a48b</guid>
        <link>http://bash.org.ru/quote/404254</link>
        <title>Цитата #404254</title>

        <pubDate>Tue, 18 Aug 2009 10:45:54 +0400</pubDate>
        <description><![CDATA[разговариваю с одногрупницей:<br>я: ну наверное все лето програмила?<br>она: нет, вообще мало. Только по вечерам.<br>я: ну, по вечерам тоже неплохо. я вообще уже забыл, как бегин с эндом пишутся!<br>она: {}]]></description>
    </item>
    <item>
        <guid isPermaLink="false">62c90290c8764298189dc950ce09fa774fad0b3b5fccaaa7dad7ea55ce2540c3</guid>
        <link>http://bash.org.ru/quote/404253</link>
        <title>Цитата #404253</title>
        <pubDate>Tue, 18 Aug 2009 10:45:01 +0400</pubDate>
        <description><![CDATA[xxx: Недавно был на свадьбе у знакомой<br>xxx: Родители с женихом и невестой зашли в комнату,  чтобы благословить молодых, гости остались за дверкой <br>xxx: Кто-то из толпы спросил: А что они там делают? <br>xxx: Тут же кто то ответил : Они их бафают!]]></description>
    </item>

    <item>
        <guid isPermaLink="false">a63c7cdde9987c6dee19d28cfdd687cb472c4341925cee8ee82efafb604dde77</guid>
        <link>http://bash.org.ru/quote/404252</link>
        <title>Цитата #404252</title>
        <pubDate>Tue, 18 Aug 2009 10:13:01 +0400</pubDate>
        <description><![CDATA[Poll: Вот это я понимаю, новости 21 века на гос канале вести:<br>1 пропал сухогруз - народ отслеживает его координаты на сайте и делают скриншоты как доказательство, что его нашли.<br>2 столкнулись истребители - показывают аудио переговоры летчиков, с копирайтом РАДИОСКАННЕР ру!]]></description>
    </item>
    <item>

        <guid isPermaLink="false">e3544a3594514f321518dbf0ec010957cfc014abd20ec817322e7661c193f214</guid>
        <link>http://bash.org.ru/quote/404251</link>
        <title>Цитата #404251</title>
        <pubDate>Mon, 17 Aug 2009 11:13:13 +0400</pubDate>
        <description><![CDATA[Услышано в парке, произносилось с подъебкой:<br>- ...преимущества социалистического строя? Мультфильм &quot;Мойдодыр&quot; помните? Какая там была вода? Да твой Обливион, Паша, и рядом не валялся. И вомгла твоя, Петя, тоже.]]></description>
    </item>
    <item>
        <guid isPermaLink="false">901767a781a6659e1cab9cc7160b3a67b30cc9571bbeefab79268626b08dea5e</guid>

        <link>http://bash.org.ru/quote/404250</link>
        <title>Цитата #404250</title>
        <pubDate>Mon, 17 Aug 2009 11:12:01 +0400</pubDate>
        <description><![CDATA[xxx: Лёха, расскажи сказку<br>yyy: Нууу... в далеком царстве, жил был мальчик, и было у него всё плохофывафыукрдлиорывпоьрпвАРУроУАЫВЮЮ<br>xxx: настолько?]]></description>
    </item>
    <item>
        <guid isPermaLink="false">dda1fab1e4e3c372355617e7944931fc080e2a7a1448232a462c3ceef2ec2238</guid>
        <link>http://bash.org.ru/quote/404249</link>

        <title>Цитата #404249</title>
        <pubDate>Mon, 17 Aug 2009 10:45:57 +0400</pubDate>
        <description><![CDATA[WolanD&gt; Эх, люблю я как иногда обрезают длинные предложения, ставя троеточие. Вот сейчас на Yandex в программе передач, очевидно, рекламируют хороший фильм и канал на котором он скоро будет показан.<br><br>23:40 Придурки из… НТВ-Петербург]]></description>
    </item>
    <item>
        <guid isPermaLink="false">581c4b3194c36daed2d55dd77f37308b8d223b391752b38ec6741cdc44c6501d</guid>
        <link>http://bash.org.ru/quote/404248</link>
        <title>Цитата #404248</title>

        <pubDate>Mon, 17 Aug 2009 10:45:07 +0400</pubDate>
        <description><![CDATA[она: и как, хорошая машина?<br>он: ну куплю - покатаю, как права получу. если будешь хорошо себя вести :-D<br>она: а если буду плохо себя вести - покатаешь до того, как получишь права?)]]></description>
    </item>
    <item>
        <guid isPermaLink="false">9a513c6885ee063b3ef393a4c4efef6c91e32a33331c833c985db138140a7e54</guid>
        <link>http://bash.org.ru/quote/404247</link>
        <title>Цитата #404247</title>
        <pubDate>Mon, 17 Aug 2009 10:44:02 +0400</pubDate>
        <description><![CDATA[Аламару: вот ностальгирую по временам пейджеров. Звонишь, бывало, в пейджинговую службу, представляешься чужим именем, называешь номер нехорошего человека и просишь повторить все сообщения за последние четыре-пять месяцев. Лихое было время!]]></description>
    </item>

    <item>
        <guid isPermaLink="false">cb4861cc3399f69eca616a652aa4baa88b55e77fc2c59f20b748e7ab16372e64</guid>
        <link>http://bash.org.ru/quote/404246</link>
        <title>Цитата #404246</title>
        <pubDate>Mon, 17 Aug 2009 10:13:01 +0400</pubDate>
        <description><![CDATA[&lt;dimonishe&gt; Неграмотность - это ваще пиздец! Особено когда мягкий знак в глаголах. КажетЬся! Убил бы )<br>&lt;ping_ving&gt; КМПВ, берсерков перед боем будут приводить в ярость глаголами, написанными именно так.]]></description>
    </item>
    <item>

        <guid isPermaLink="false">48fc6d95451c5cc3c32dbbdf003f0ac0fadb29b93a396de6456574fd075f7115</guid>
        <link>http://bash.org.ru/quote/404244</link>
        <title>Цитата #404244</title>
        <pubDate>Mon, 17 Aug 2009 09:13:01 +0400</pubDate>
        <description><![CDATA[Я вот тут недавно на море катался на парашюте, ну который с катера запускается и хотел отцепить карабины и сигануть вниз - адреналина хапануть. Но потом вспомнил что в Far Cry эта фишка не прокатывает и передумал :)]]></description>
    </item>
    <item>
        <guid isPermaLink="false">c951e13de75e04a6caeb4b73fdf8560aba1a6f86b901449e10b929c92389bc46</guid>

        <link>http://bash.org.ru/quote/404243</link>
        <title>Цитата #404243</title>
        <pubDate>Mon, 17 Aug 2009 08:46:02 +0400</pubDate>
        <description><![CDATA[Монолог друга:<br>&quot;Я однажды пришёл бухой домой - что-то маме не так сказал, она на меня обиделась, потом ругались ещё. А прихожу накуренный - улыбаюсь, настроение хорошее, веселый. Хорошо покушал всё, что мама приготовила - значит вкусно приготовила! Мама довольна.&quot;]]></description>
    </item>
    <item>
        <guid isPermaLink="false">9d8dd64bfd78fce77a517860b07e18edbb9e60999367d5212738cf87a2af6dc3</guid>
        <link>http://bash.org.ru/quote/404242</link>

        <title>Цитата #404242</title>
        <pubDate>Mon, 17 Aug 2009 08:12:36 +0400</pubDate>
        <description><![CDATA[lena<br>когда в черных ботинках белые шнурки, значит этот скиняра кого-то этими ботинками уже убил. как звездочки на ноже, ага.<br><br>ВадеГ Мюллер<br>у меня черные коньки с белыми шнурками! О_о<br><br>lena<br>скооольких я зарезал, скооольких перерезал...]]></description>
    </item>
    <item>
        <guid isPermaLink="false">d2af0c3136110c04b63ca2df341c2ed26e45e820f4008386fbecf60980964a69</guid>
        <link>http://bash.org.ru/quote/404241</link>
        <title>Цитата #404241</title>

        <pubDate>Mon, 17 Aug 2009 08:12:01 +0400</pubDate>
        <description><![CDATA[Евгений: Вильнюс божественен! В 4 утра сидел посреди дороги и орал дурным голосом, что я никуда отсюда не уеду. Приехала полиция, поставила вокруг меня 2 конуса и уехала...]]></description>
    </item>
    <item>
        <guid isPermaLink="false">6e51139bfe961dbd7ba7cca9a841e2049df384cd62ff236475a284d7d842626d</guid>
        <link>http://bash.org.ru/quote/404240</link>
        <title>Цитата #404240</title>
        <pubDate>Sun, 16 Aug 2009 11:13:15 +0400</pubDate>
        <description><![CDATA[xxx: я посмотрела кино и сделала вывод что ты негодяй!<br>xxx: вернее, что все вы парни негодяи!<br>xxx: но там в конце все хорошо, так что я тебя прощаю]]></description>
    </item>

    <item>
        <guid isPermaLink="false">4d32462069b5d32d8c85ed88dd6ec3901246d8b58987e216148573f3cc20923a</guid>
        <link>http://bash.org.ru/quote/404239</link>
        <title>Цитата #404239</title>
        <pubDate>Sun, 16 Aug 2009 11:12:01 +0400</pubDate>
        <description><![CDATA[Стас&gt; сегодня видел твоего отца на твоей машине, махнулись с ним?<br>ТиМоХа&gt; Да там история. Поехали мы отдыхать, я взял папину машину, у него ж минивэн, народу больше войдет и сумок, ну и короче на обратном пути пробили все 4 колеса, причем в каждом по 8 дырок.<br>ТиМоХа&gt; Папа не знал что я брал его машину, в командировке был. Когда я приехал домой, он спросил че так долго, я ему рассказал про колеса. Он так хохотал, чуть ли не плакал... Потом я ему сказал что ездил на его машине...]]></description>
    </item>
    <item>

        <guid isPermaLink="false">04ab86ce6c5ac511852e7c56f1fed2e2c1a02f5e287187bd19364a0525337c79</guid>
        <link>http://bash.org.ru/quote/404238</link>
        <title>Цитата #404238</title>
        <pubDate>Sun, 16 Aug 2009 10:46:02 +0400</pubDate>
        <description><![CDATA[xxx: Сегодня IT - шники настраивали спутниковую тарелку с помощью детского компаса, я катался от смеха<br>xxx: Потом не катался, настроили...]]></description>
    </item>
    <item>
        <guid isPermaLink="false">160fdbbcd755c65ecc91bb62d1288b4171bd26a1069b60b0c7c411df41062268</guid>

        <link>http://bash.org.ru/quote/404237</link>
        <title>Цитата #404237</title>
        <pubDate>Sun, 16 Aug 2009 10:13:02 +0400</pubDate>
        <description><![CDATA[xxx: А почему ты не поедешь к ней в Тольятти?<br>yyy: Потому что у меня плохие воспоминания связаны с этим городом.<br>xxx: Ну и что? У половины страны с ним неприятные воспоминания связаны]]></description>
    </item>
    <item>
        <guid isPermaLink="false">8d8b01c940b0c955aaaea70d0e59fdbe5e92c239526570fa16671e1adc105644</guid>
        <link>http://bash.org.ru/quote/404236</link>

        <title>Цитата #404236</title>
        <pubDate>Sun, 16 Aug 2009 09:46:02 +0400</pubDate>
        <description><![CDATA[с форума эмигрантов в Германии:<br><br>1: Скажите пожалуйста, могут ли у меня забрать детей, если у меня на счете минус в 5 тысяч и я получаю деньги от социала?<br>2: Присоединяюсь к вопросу. У меня +25 000 и социал не светит, не приведут ли мне чужих?]]></description>
    </item>

</quotes>