<publishData>
  <publishTarget publishUrl="O:\server\www\quotes\">
    <file relUrl="css/Quotes.css" publishTime="08/26/2009 23:36:30" />
    <file relUrl="Web.config" publishTime="08/26/2009 22:38:51" />
    <file relUrl="Default.aspx" publishTime="08/26/2009 23:39:28" />
    <file relUrl="bin/QuoteDB.dll" publishTime="08/26/2009 23:36:40" />
    <file relUrl="App_Data/Quotes.xml" publishTime="08/26/2009 22:20:29" />
    <file relUrl="bin/QuoteDB.pdb" publishTime="08/26/2009 23:36:40" />
    <file relUrl="css/Master.css" publishTime="08/26/2009 21:00:16" />
    <file relUrl="Site.Master" publishTime="08/26/2009 23:27:50" />
  </publishTarget>
</publishData>